class_id,class_name,semantic_layer,total_clips,train_clips,val_clips,test_clips,total_duration_sec,mean_duration_sec,std_duration_sec,fps,dominant_perspective
0,cover,stroke,188,132,28,28,418.28,2.22,0.51,25.0,
1,defense,stroke,192,134,29,29,562.8,2.93,0.71,25.0,
2,flick,stroke,181,127,27,27,379.12,2.09,0.5,25.0,
3,hook,stroke,181,127,27,27,378.28,2.09,0.58,25.0,
4,late_cut,stroke,182,128,27,27,400.24,2.2,0.41,25.0,
5,lofted,stroke,198,138,30,30,827.19,4.18,1.51,25.0,
6,pull,stroke,179,125,27,27,360.4,2.01,0.52,25.0,
7,square_cut,stroke,200,140,30,30,467.4,2.34,0.69,25.0,
8,straight,stroke,193,135,29,29,571.12,2.96,0.6,25.0,
9,sweep,stroke,194,136,29,29,463.92,2.39,0.59,25.0,
10,six,outcome,150,106,22,22,607.0,4.05,0.27,25.0,
11,four,outcome,150,106,22,22,594.0,3.96,0.2,30.0,
12,wicket,outcome,150,106,22,22,387.0,2.58,0.66,30.0,
13,catch,outcome,150,106,22,22,584.0,3.89,0.49,30.0,
